Name|Title|ShortDescription|Source|Link|Note
BISKO |Bilanzierungs-Systematik Kommunal |Der BISKO-Standard ermöglicht eine Standardisierung der kommunalen Treibhausgasbilanzen und stärkt diese somit als Klimaschutz-Monitoring-Instrument.|ENEKA - Energiekartenkartografie|https://www.ifeu.de/publikation/bisko-bilanzierungs-systematik-kommunal/|
ISO 14.064|Validierung und Verifzierung von Treibhausgasen|Die ISO 14064 ist eine dreiteilige Normenreihe und bietet Unternehmen eine geeignete Grundlage zur Bestimmung, Bilanzierung und Verifizierung von Treibhausgasemissionen.|ENEKA - Energiekartenkartografie|https://www.beuth.de/de/norm/din-en-iso-14064-1/291289049|
ISO 50.001|Vorgaben für ein systematisches Energiemanagment|ISO 50001 ist eine freiwillige internationale Norm. Sie gilt für Organisationen jeder Größe und enthält Anforderungen für die Einführung, Verwaltung und Verbesserung des Energieverbrauchs und der Energieeffizienz.|ENEKA - Energiekartenkartografie|https://www.dnv.de/services/zertifizierung-nach-din-en-iso-50001-3370#|
ISO 50.006|Energiemanagementsysteme – Messung der energiebezogenen Leistung unter Nutzung von energetischen Ausgangsbasen (EnB) und Energieleistungskennzahlen (EnPI) – Allgemeine Grundsätze und Leitlinien|Die DIN ISO 50006 versteht sich als Leitfaden hin zu aussagekräftigen Energieleistungskennzahlen und einer soliden energetischen Ausgangsbasis. |ENEKA - Energiekartenkartografie|https://www.energiemanagement-und-energieeffizienz.de/energie-lexikon/din-iso-50006/|
ANSI / ASHRAE Standard 140-2017 - Standard Method of Test for the Evaluation of Building Energy Analysis Computer Programs||Methodik zur Validierung von Energiesimulation. Das Ziel ist es hierdurch Limitierungen und Fehler in der Software zu finden. |Hottgenroth Software Katalog|https://webstore.ansi.org/Standards/ASHRAE/ansiashraestandard1402017|
Arbeitsstättenrichtllinie ASR A4.1|Technischen Regeln für Arbeitsstätten|"Die Technischen Regeln für Arbeitsstätten (ASR) geben den Stand der Technik,
Arbeitsmedizin und Hygiene sowie sonstige gesicherte wissenschaftliche
Erkenntnisse für die Sicherheit und Gesundheit der Beschäftigten beim Einrichten und
Betreiben von Arbeitsstätten wieder. Diese ASR A4.1 konkretisiert im Rahmen ihres Anwendungsbereichs Anforderungen der Verordnung über Arbeitsstätten."|Hottgenroth Software Katalog|https://www.baua.de/DE/Angebote/Rechtstexte-und-Technische-Regeln/Regelwerk/ASR/pdf/ASR-A4-1.pdf?__blob=publicationFile&v=6|
DIN 14095|Feuerwehrpläne für bauliche Anlagen|Die Norm enthält Anforderungen an Feuerwehrpläne für bauliche Anlagen und dient der Vereinheitlichung der von der Feuerwehr für bestimmte bauliche und technische Anlagen (z. B. Werksgelände) benötigten Pläne. |Hottgenroth Software Katalog|https://www.beuth.de/de/norm/din-14095/97665752|
DIN 14675|Brandmeldeanlagen|Die neue DIN 14675-1 beschreibt den Aufbau und Betrieb von Brandmeldeanlagen, während die DIN 14675-2 Anforderungen an Fachfirmen definiert. Fester Bestandteil der beiden Normenteile ist das Phasenmodell vom Brandmelde- und Alarmierungskonzept bis hin zur Instandhaltung von BMA, in das die Phasen der DIN EN 16763 übernommen wurden.|Hottgenroth Software Katalog|https://www.dgwz.de/din-14675-brandmeldeanlagen|
DIN 18017-3|Lüftung von Bädern und Toilettenräumen ohne Außenfenster - Teil 3: Lüftung mit Ventilatoren|Die Norm DIN 18017-3 gilt für Entlüftungsanlagen mit Ventilatoren zur Lüftung von Bädern und Toilettenräumen ohne Außenfenster in Wohnungen und in ähnlichen Aufenthaltsbereichen, zum Beispiel Wohneinheiten in Hotels. Die Norm setzt voraus, dass ein dem Abluftvolumenstrom entsprechender Außenluftstrom über Undichtheiten in der Gebäudehülle und gegebenenfalls über Außenbauteil-Luftdurchlässe, vom Freien über die Wohn- und Aufenthaltsräume beziehungsweise über eine Zuluftleitung direkt in die Ablufträume nachströmen kann.|Hottgenroth Software Katalog|https://www.beuth.de/de/norm/din-18017-3/351891559|
DIN 18599|Energetische Bewertung von Gebäuden|Die Vornormenreihe DIN V 18599 „Energetische Bewertung von Gebäuden“ stellt ein Verfahren zur Bewertung der Gesamtenergieeffizienz von Gebäuden zur Verfügung. Die Berechnungen erlauben die Beurteilung aller Energiemengen, die zur bestimmungsgemäßen Heizung, Warmwasserbereitung, raumlufttechnischen Konditionierung und Beleuchtung von Gebäuden notwendig sind.|Hottgenroth Software Katalog|https://www.din.de/de/mitwirken/normenausschuesse/nabau/auslegungendinv18599-68632|
DIN 1946-6|Raumlufttechnik - Teil 6: Lüftung von Wohnungen|Die Norm gilt für die freie und für die ventilatorgestützte Lüftung von Wohnungen und gleichartig genutzten Raumgruppen (Nutzungseinheiten). Die für die Planung, die Ausführung und Inbetriebnahme, den Betrieb und die Instandhaltung notwendigen Lüftungs-Komponenten beziehungsweise Geräte für Einrichtungen zur freien Lüftung und für ventilatorgestützte Lüftungssysteme werden unter Berücksichtigung bauphysikalischer, lüftungstechnischer, hygienischer sowie energetischer Gesichtspunkte beschrieben. |Hottgenroth Software Katalog|https://www.beuth.de/de/norm/din-1946-6/117527018|
DIN 1986-100|Entwässerungsanlagen für Gebäude und Grundstücke - Teil 100: Bestimmungen in Verbindung mit DIN EN 752 und DIN EN 12056|Die Norm legt im Interesse der öffentlichen Sicherheit einheitliche technische Bestimmungen für Planung, Bau, Betrieb und Instandhaltung von Entwässerungsanlagen zur Ableitung von Abwasser in Gebäuden und auf Grundstücken in Ergänzung zu DIN EN 12056-1, DIN EN 12056-2, DIN EN 12056-3, DIN EN 12056-4 und DIN EN 12056-5 fest.|Hottgenroth Software Katalog|https://www.beuth.de/de/norm/din-1986-100/264064948|
DIN 1988-300|Technische Regeln für Trinkwasser-Installationen - Teil 300: Ermittlung der Rohrdurchmesser; Technische Regel des DVGW|Die zukünftige Norm gilt in Verbindung mit den Reihen DIN 1988 und DIN EN 806 für Planung, Errichtung, Änderung, Instandhaltung und Betrieb von Trinkwasser-Installationen in Gebäuden und auf Grundstücken und dient zur Ermittlung der Rohrdurchmesser für die Trinkwasserleitungen sowie zur Bestimmung der Bauteilgrößen (Zirkulationsleitungen, Pumpe, Drosselventile) für ein Zirkulationssystem.|Hottgenroth Software Katalog|https://www.beuth.de/de/norm/din-1988-300/151964210|
DIN 276|Kosten im Bauwesen|Diese Norm gilt für die Kostenplanung im Bauwesen, insbesondere für die Ermittlung und die Gliederung von Kosten. Sie erstreckt sich auf die Kosten von Hochbauten, Ingenieurbauten, Infrastrukturanlagen und Freiflächen sowie die damit zusammenhängenden projektbezogenen Kosten.|Hottgenroth Software Katalog|https://www.baunormenlexikon.de/norm/din-276/c2c8d430-8f0d-465c-b1cd-bb12f1febad5|
DIN 4108|Wärmeschutz und Energie-Einsparung in Gebäuden|Der Geltungsbereich der DIN 4108 erstreckt sich auf die Planung und Ausführung von Aufenthaltsräumen in Hochbauten, die ihrer Bestimmung nach auf normale Innentemperaturen (> 19 °C) beheizt werden. Nebenräume, die zu Aufenthaltsräumen gehören, sind dabei wie Aufenthaltsräume zu behandeln|Hottgenroth Software Katalog|https://www.baunetzwissen.de/daemmstoffe/fachwissen/normen/din-4108-waermeschutz-und-energie-einsparung-in-gebaeuden-152334|
DIN 4108 Beiblatt 2|Beiblatt 2: Wärmebrücken - Planungs- und Ausführungsbeispiele|Dieses Beiblatt enthält Planungsbeispiele zur Verminderung von Wärmebrückenwirkungen. Das Beiblatt stellt Prinzipien von Anschlussdetails aus dem Hochbau dar. Dargestellt werden Planungs- und Ausführungsbeispiele nur unter dem Aspekt des Wärmeschutzes. Andere bauphysikalische und sonstige konstruktive Anforderungen bedürfen der objektbezogenen und fallspezifischen Berücksichtigung durch den Anwender.|Hottgenroth Software Katalog|https://www.baunormenlexikon.de/norm/din-4108-beiblatt-2/a994ac6c-e407-4ca8-819b-f0dfdb53f605|
DIN 4108-2|Teil 2: Mindestanforderungen an den Wärmeschutz|Diese Norm legt die Mindestanforderungen an die Wärmedämmung von Bauteilen sowie im Bereich von Wärmebrücken in der Gebäudehülle von Hochbauten fest. |Hottgenroth Software Katalog|https://www.beuth.de/de/norm/din-4108-2/167922321|
DIN 4108-3|Teil 3: Klimabedingter Feuchteschutz - Anforderungen, Berechnungsverfahren und Hinweise für Planung und Ausführung|Dieses Dokument legt Anforderungen, Berechnungsverfahren und Hinweise für die Planung und Ausführung zum klimabedingten Feuchteschutz in Gebäuden fest. |Hottgenroth Software Katalog|https://www.beuth.de/de/norm/din-4108-3/293137277|
DIN 4108-6|Teil 6: Berechnung des Jahresheizwärme- und des Jahresheizenergiebedarfs|Norm zurückgezogen 2021-07|Hottgenroth Software Katalog|https://www.beuth.de/de/vornorm/din-v-4108-6/63939447|
DIN 4109-1|Schallschutz im Hochbau - Teil 1: Mindestanforderungen|Die Norm DIN 4109-1 legt Anforderungen an die Schalldämmung von Bauteilen schutzbedürftiger Räume und an die zulässigen Schallpegel in schutzbedürftigen Räumen in Wohngebäuden und Nichtwohngebäuden zum Erreichen der beschriebenen Schallschutzziele fest.|Hottgenroth Software Katalog|https://www.beuth.de/de/norm/din-4109-1/280079001|
DIN 4701-10/12|Regeln für die Berechnung des Wärmebedarfs von Gebäuden und für die Berechnung der Kessel- und Heizkörpergrößen von Heizungsanlagen|zurückgezogen?|Hottgenroth Software Katalog|https://www.beuth.de/de/vornorm/din-v-4701-10/37199675|
DIN EN 12056-2|Schwerkraftentwässerungsanlagen innerhalb von Gebäuden - Teil 2: Schmutzwasseranlagen, Planung und Berechnung|Diese Norm legt Grundsätze fest, die sowohl bei der Planung als auch bei der hydraulischen Berechnung zu beachten sind.|Hottgenroth Software Katalog|https://www.baunormenlexikon.de/norm/din-en-12056-2/50c02486-c212-49e0-a383-09688d4844e5|
DIN EN 12056-3|Schwerkraftentwässerungsanlagen innerhalb von Gebäuden - Teil 3: Dachentwässerung, Planung und Bemessung|Diese Norm beschreibt eine Methode zur Berechnung der hydraulichen Leistungsfähigkeit von Dachentwässerungssystemen. Es werden auch die Regeln für die Planung und Auslegung der Dachentwässerungssysteme festgelegt, soweit sie das Abflussvermögen beeinflussen.|Hottgenroth Software Katalog|https://www.baunormenlexikon.de/norm/din-en-12056-3/ae6fbe2a-a52b-40b0-9892-e4a25941b808|
DIN EN 1264-1|Raumflächenintegrierte Heiz- und Kühlsysteme mit Wasserdurchströmung -  Teil 1: Definitionen und Symbole|EN 1264 behandelt flächenintegrierte Heiz- und Kühlsysteme und richtet sich an Systeme für die thermische Behaglichkeit. EN 1264-1 beschreibt Systemtypen und Eigenschaften von flächenintegrierten Strahlungsheiz- und Kühlsystemen mit Wasserdurchströmung.|Hottgenroth Software Katalog|https://www.beuth.de/de/norm/din-en-1264-1/332536841|
DIN EN 12831-1|Energetische Bewertung von Gebäuden - Verfahren zur Berechnung der Norm-Heizlast - Teil 1: Raumheizlast, Modul M3-3|Diese Europäische Norm umfasst Verfahren zur Berechnung der Norm-Heizlast für Einzelräume, Gebäudeeinheiten und Gebäude, wobei die Norm-Heizlast als die Wärmezufuhr (Leistung) definiert ist, die benötigt wird, um die geforderte Norm-Innentemperatur unter Norm-Außenbedingungen bereitzustellen.|Hottgenroth Software Katalog|https://www.beuth.de/de/norm/din-en-12831-1/261292587|
DIN EN 12831-Beiblatt 2|Heizungsanlagen in Gebäuden - Verfahren zur Berechnung der Norm-Heizlast - Beiblatt 2: Vereinfachtes Verfahren zur Ermittlung der Gebäude-Heizlast und der Wärmeerzeugerleistung|Dieses Beiblatt beschreibt vereinfachte Verfahren zur näherungsweisen Ermittlung der Heizlast eines Gebäudes.|Hottgenroth Software Katalog|https://www.baunormenlexikon.de/norm/din-en-12831-beiblatt-2/e265a25d-9a82-43b8-b455-461b8b4e9119|
DIN EN 16798-1|Energetische Bewertung von Gebäuden - Lüftung von Gebäuden - Teil 1: Eingangsparameter für das Innenraumklima zur Auslegung und Bewertung der Energieeffizienz von Gebäuden bezüglich Raumluftqualität, Temperatur, Licht und Akustik|Die DIN EN 16798-1 beschreibt Aspekte der Eingangsparameter für das Innenraumklima für verschiedene Behaglichkeitskategorien. Dieses Dokument gilt für die Auslegung von raumlufttechnischen Anlagen und beinhaltet Anhaltswerte für die Raumtemperatur. |Hottgenroth Software Katalog|https://www.beuth.de/de/norm/din-en-16798-1/349622591|
DIN EN ISO 10077-02|Wärmetechnisches Verhalten von Fenstern, Türen und Abschlüssen - Berechnung des Wärmedurchgangskoeffizienten - Teil 2: Numerisches Verfahren für Rahmen|NORM-ENTWURF [ZURÜCKGEZOGEN]|Hottgenroth Software Katalog|https://www.beuth.de/de/norm-entwurf/din-en-iso-10077-2/13096956|
DIN EN ISO 10211|Wärmebrücken im Hochbau - Wärmeströme und Oberflächentemperaturen - Detaillierte Berechnungen|Dieses Dokument legt die Spezifikationen für geometrische dreidimensionale und zweidimensionale Modelle von Wärmebrücken zur numerischen Berechnung - von Wärmeströmen zur Abschätzung der Gesamtwärmeverluste eines Gebäudes oder Gebäudeteils und - der niedrigsten Oberflächentemperaturen zur Abschätzung des Risikos einer Tauwasserbildung fest. |Hottgenroth Software Katalog|https://www.beuth.de/de/norm/din-en-iso-10211/255670040|
DIN SPEC 15240|Energetische Bewertung von Gebäuden - Lüftung von Gebäuden - Energetische Inspektion von Klimaanlagen|Diese DIN SPEC legt Inhalte und Anforderungen an die Energetische Inspektion fest. Sie gilt für Klimaanlagen und Lüftungsanlagen in Nichtwohngebäuden.|Hottgenroth Software Katalog|https://www.beuth.de/de/technische-regel/din-spec-15240/300937690|
DIN V 18599-9|Energetische Bewertung von Gebäuden - Berechnung des Nutz-, End- und Primärenergiebedarfs für Heizung, Kühlung, Lüftung, Trinkwarmwasser und Beleuchtung - Teil 9: End- und Primärenergiebedarf von stromproduzierenden Anlagen|Diese Norm beschreibt Verfahren zur Bewertung der Stromerzeugung im unmittelbaren räumlichen Zusammenhang mit dem Gebäude: Kraft-Wärme-Kopplung (KWK), Photovoltaik und Wind-Energie-Anlagen.|Hottgenroth Software Katalog|https://www.baunormenlexikon.de/norm/din-v-18599-9/942b0d0c-0d01-4a08-8625-395876dfb6b0|
DIN/TS 12831-1:2020-04|Verfahren zur Berechnung der Raumheizlast - Teil 1: Nationale Ergänzungen zur DIN EN 12831-1|Die Heizlastberechnung nach DIN EN 12831-1:2017, Abschnitt 6 (ausführliches Standardverfahren) stellt ein anerkanntes und hinreichend genaues Verfahren zur Bestimmung der Raum- und Gebäudeheizlast dar. Diese Berechnungen dienen als Grundlage der Auslegung von Heizungsanlagen. Das vorliegende Dokument regelt die Anwendung sowohl des ausführlichen Verfahrens nach DIN EN 12831-1:2017, Abschnitt 6 als auch der vereinfachten Verfahren nach DIN EN 12831-1:2017, Abschnitt 7 beziehungsweise 8.|Hottgenroth Software Katalog|https://www.beuth.de/de/vornorm/din-ts-12831-1/316645651|
DVGW W551|Trinkwassererwärmungs- und Trinkwasserleitungsanlagen - Technische Maßnahmen zur Verminderung des Legionellenwachstums - Planung, Errichtung, Betrieb und Sanierung von Trinkwasser-Installationen||Leitfaden Trinkwassererwärmung - Bundesverband Wärmepumpe|https://www.beuth.de/de/technische-regel/dvgw-w-551/74193855|
DVGW W553|Bemessung von Zirkulationssystmen in zentralen Trinkwassererwärmungsanlagen||Leitfaden Trinkwassererwärmung - Bundesverband Wärmepumpe|https://www.beuth.de/de/technische-regel/dvgw-w-553/15961411|
DVGW-TRGI 2018|Technische Regel für Gasinstallationen (TRGI)|Die Technische Regel für Gasinstallationen (TRGI) ist die wichtigste Vorschrift für alle Experten des Gasfaches. Als Standardwerk unterstützt sie beim rechtssicheren und technisch korrekten Arbeiten. Die Regel wurde im Oktober 2018 komplett überarbeitet und veröffentlicht.|Hottgenroth Software Katalog|https://www.dvgw.de/themen/gas/installation-und-anwendung/hausinstallation-und-trgi|
EN 1264-1|Raumflächenintegrierte Heiz- und Kühlsysteme mit Wasserdurchströmung - Teil 1: Definitionen und Symbole|EN 1264 behandelt flächenintegrierte Heiz- und Kühlsysteme und richtet sich an Systeme für die thermische Behaglichkeit. EN 1264-1 beschreibt Systemtypen und Eigenschaften von flächenintegrierten Strahlungsheiz- und Kühlsystemen mit Wasserdurchströmung.|Hottgenroth Software Katalog|https://www.beuth.de/de/norm/din-en-1264-1/332536841|
EN 1264-2|Raumflächenintegrierte Heiz- und Kühlsysteme mit Wasserdurchströmung - Teil 2: Fußbodenheizung: Prüfverfahren für die Bestimmung der Wärmeleistung unter Benutzung von Berechnungsmethoden und experimentellen Methoden|EN 1264 behandelt flächenintegrierte Heiz- und Kühlsysteme und richtet sich an Systeme für die thermische Behaglichkeit. EN 1264-2 legt die Randbedingungen und die Prüfverfahren zur Bestimmung der Wärmeleistung von Warmwasser-Fußbodenheizungen in Abhängigkeit von der Differenz zwischen der Heizmittel- und der Raumtemperatur fest.|Hottgenroth Software Katalog|https://www.beuth.de/de/norm/din-en-1264-2/332537063|
EN 13384-1|Abgasanlagen - Wärme- und strömungstechnische Berechnungsverfahren - Teil 1: Abgasanlagen mit einer Verbrennungseinrichtung|Diese Europäische Norm legt wärme- und strömungstechnische Berechnungsverfahren von Abgasanlagen mit einer Verbrennungseinrichtung fest. Diese Europäische Norm gilt sowohl für Unterdruck- als auch für Überdruckanlagen in feuchter und trockener Betriebsweise.|Hottgenroth Software Katalog|https://www.beuth.de/de/norm/din-en-13384-1/309547111|
EN 13384-2|Abgasanlagen - Wärme- und strömungstechnische Berechnungsverfahren - Teil 2: Abgasanlagen mit mehreren Verbrennungseinrichtungen|Dieser Teil der Normenreihe EN 13384 legt Berechnungsverfahren für die wärme- und strömungstechnischen Eigenschaften von Abgasanlagen mit mehreren Verbrennungseinrichtungen fest.|Hottgenroth Software Katalog|https://www.beuth.de/de/norm/din-en-13384-2/309547568|
EN 13384-3|Abgasanlagen - Wärme- und strömungstechnische Berechnungsverfahren - Teil 3: Verfahren für die Entwicklung von Diagrammen und Tabellen für Abgasanlagen mit einer Feuerstätte|Diese Europäische Norm enthält eine Anleitung für die Entwicklung von Diagrammen und Tabellen, die zur Vereinfachung der Bestimmung der Leistungsfähigkeit einer Abgasanlage mit einer Feuerstätte nach DIN EN 13384-1 dienen.|Hottgenroth Software Katalog|https://www.beuth.de/de/norm/din-en-13384-3/81610832|
EN ISO 13788|Wärme- und feuchtetechnisches Verhalten von Bauteilen und Bauelementen - Raumseitige Oberflächentemperatur zur Vermeidung kritischer Oberflächenfeuchte und Tauwasserbildung im Bauteilinneren|"Diese Norm gibt vereinfachte Verfahren an zur Berechnung
a) der raumseitigen Oberflächentemperatur von Bauteilen oder Bauelementen, unterhalb der bei der gegebenen Innentemperatur und relativen Luftfeuchte ein Befall durch Schimmel wahrscheinlich ist 
b) zum Zwecke der Beurteilung des Risikos der Tauwasserbildung im Bauteilinneren infolge von Wasserdampfdiffusion."|Hottgenroth Software Katalog|https://www.beuth.de/de/norm/din-en-iso-13788/165528681|
EN ISO 6946|Bauteile - Wärmedurchlasswiderstand und Wärmedurchgangskoeffizient - Berechnungsverfahren|Dieses Dokument legt das Verfahren zur Berechnung des Wärmedurchlasswiderstandes und des Wärmedurchgangskoeffizienten von Bauteilkomponenten und Bauteilen fest, wobei Türen, Fenster und andere verglaste Einheiten, Vorhangfassaden, Bauteilkomponenten, über die ein Wärmeaustausch mit dem Baugrund stattfindet, und als luftdurchlässig konzipierte Bauteilkomponenten ausgenommen sind.|Hottgenroth Software Katalog|https://www.beuth.de/de/norm/din-en-iso-6946/255315365|
DIN EN 442-1|Radiatoren und Konvektoren - Teil 1: Technische Spezifikationen und Anforderungen|"DIN EN 442, ""Heizkörper und Konvektoren"" besteht aus folgenden Teilen: Teil 1: Technische Spezifikationen und Anforderungen Teil 2: Prüfverfahren und Leistungsangabe. Teil 1 der Reihe EN 442 definiert die technischen Spezifikationen und Anforderungen an Heizkörper und Konvektoren, die zum Einbau in Heizungsanlagen in Gebäuden bestimmt sind. "|Hottgenroth Software Katalog|https://www.beuth.de/de/norm/din-en-442-1/207500260|
DIN EN 442-2|Radiatoren und Konvektoren - Teil 2: Prüfverfahren und Leistungsangabe|Teil 2 der Reihe EN 442 beruht auf der Erkenntnis, dass die Wärmeleistung als Grundlage für den Handel mit Heizkörpern und Konvektoren dient. Für die Bewertung und den Vergleich verschiedener Produkte ist es deshalb notwendig, sich auf einen einzelnen festgelegten Wert zu beziehen, der nachstehend als Norm-Wärmeleistung bezeichnet wird.|Hottgenroth Software Katalog|https://www.beuth.de/de/norm/din-en-442-2/207503152|
OENORM H 7500-1|Heizungssysteme in Gebäuden - Verfahren zur Berechnung der Norm-Heizlast für Gebäude mit einem mittleren U -Wert >= 0,5 W/(m2 · K)|Die vorliegende ÖNORM legt Verfahren zur Berechnung der Norm-Wärmeverluste und der Norm-Gebäudeheizlast für Gebäude mit einem mittleren U-Wert mindestens 0,5 W/(m2 . K) unter Auslegungsbedingungen fest.|Hottgenroth Software Katalog|https://shop.austrian-standards.at/action/de/public/details/535721/OENORM_H_7500-1_2015_02_15|
ÖNORM EN 12831-1|Energetische Bewertung von Gebäuden - Verfahren zur Berechnung der Norm-Heizlast - Teil 1: Raumheizlast, Modul M3-3|Diese Europäische Norm umfasst Verfahren zur Berechnung der Norm-Heizlast für Einzelräume, Gebäudeeinheiten und Gebäude, wobei die Norm-Heizlast als die Wärmezufuhr (Leistung) definiert ist, die benötigt wird, um die geforderte Norm-Innentemperatur unter Norm-Außenbedingungen bereitzustellen.|Hottgenroth Software Katalog|https://shop.austrian-standards.at/action/de/public/details/623069/OENORM_EN_12831-1_2018_01_15|Dieses Dokument wird derzeit berichtigt 
ÖNORM EN 12831-3|Energetische Bewertung von Gebäuden - Verfahren zur Berechnung der Energieanforderungen und Nutzungsgrade der Anlagen - Teil 3: Dimensionierung von Trinkwassererwärmungsanlagen und Bedarfsbestimmung, Modul M8-2, M8-3|Diese Europäische Norm beschreibt ein Verfahren zur Berechnung der Leistung und des Speichervolumens, die zur Bemessung von Anlagen zur Trinkwassererwärmung erforderlich sind. Die Anwendbarkeit erstreckt sich von direkten Trinkwassererwärmern (kein Speichervolumen und eine vergleichsweise große effektive Wärmeleistung) bis hin zu größeren Speicheranlagen mit einer vergleichsweise geringen Wärmeleistung und großen Speichervolumina).|Hottgenroth Software Katalog|https://shop.austrian-standards.at/action/de/public/details/623071/OENORM_EN_12831-3_2018_01_15|
VDI 2078|Berechnung der thermischen Lasten und Raumtemperaturen (Auslegung Kühllast und Jahressimulation)|Die Richtlinie VDI 2078 berücksichtigt ein umfangreiches Validierungsverfahren für Programme mit dem Rechenkern nach VDI 6007 Blatt 1 und für beliebige Programme. Dieses Verfahren stellt mit einer großen Zahl von Testbeispielen (mehr als 25 Testbeispiele zu den Richtlinien VDI 2078 und VDI 6007) mit hoher Wahrscheinlichkeit sicher, dass dasdamit getestete Programm die Anforderungen nach VDI 2078 erfüllt. |Hottgenroth Software Katalog|https://www.vdi.de/richtlinien/unsere-richtlinien-highlights/vdi-2078|
VDI 2081|Geräuscherzeugung und Lärmminderung in Raumlufttechnischen Anlagen|Ersatzlos zurückgezogen|Hottgenroth Software Katalog|https://www.vdi.de/richtlinien/details/vdi-2081-geraeuscherzeugung-und-laermminderung-in-raumlufttechnischen-anlagen|
VDI 3805|Elektronischer Produktdatenaustausch in der TGA|Mit der VDI 3805 wird der Produktdatenaustausch für Komponenten und Anlagen der Heiz-, Raumluft- und Sanitärtechnik im rechnergestützten Planungsprozess geregelt.|Hottgenroth Software Katalog|https://www.vdi3805.eu/|
VDI 4650|Berechnung der Jahresarbeitszahl von Wärmepumpenanlagen|Die Richtlinienreihe VDI 4650 befasst sich mit Elektrowärmepumpen, insbesondere zur Versorgung von Wohngebäuden mit Wärme für Raumheizung und Trinkwarmwasserbereitung. Um den technischen Fortschritt (z.B. andere Kältemittel, andere Verdichtertechnologien, Leistungsregelung) für die Berechnung der Jahresarbeitszahl besser abzubilden, wurden auf Basis der Ergebnisse der Feldmonitoringprojekte des Fraunhofer ISE wichtige Erkenntnisse aus der Praxis in die Berechnungen übernommen. |Hottgenroth Software Katalog|https://www.vdi.de/richtlinien/unsere-richtlinien-highlights/vdi-4650|
VDI 6007 Blatt 1|Berechnung des instationären thermischen Verhaltens von Räumen und Gebäuden - Raummodell|Das in dieser Richtlinie beschriebene Rechenverfahren dient als Grundlage für Berechnungen des instationären thermischen Verhaltens von Räumen und Gebäuden. Es ermöglicht die Berechnung von Lasten und Raumtemperaturen unter Berücksichtigung der thermischen Eigenschaften der Bauteile sowie deren instationäres Verhalten (adiabat/nicht adiabat).|Hottgenroth Software Katalog|https://www.vdi.de/richtlinien/details/vdi-6007-blatt-1-berechnung-des-instationaeren-thermischen-verhaltens-von-raeumen-und-gebaeuden-raummodell-1|
VDI 6007 Blatt 2|Berechnung des instationären thermischen Verhaltens von Räumen und Gebäuden - Fenstermodell|Ziel dieser Richtlinie ist es, dem Planer ein leistungsfähiges Werkzeug zur Berechnung energetischer Kenngrößen, speziell des für die sommerlichen Kühllasten entscheidenden Gesamtenergiedurchlassgrads an die Hand zu geben.|Hottgenroth Software Katalog|https://www.vdi.de/richtlinien/details/vdi-6007-blatt-2-berechnung-des-instationaeren-thermischen-verhaltens-von-raeumen-und-gebaeuden-fenstermodell|
GPC|Global Protocol for Community-Scale Greenhouse Gas Emission Inventories - kurz Greenhouse Gas Protocol|Das GPC bietet ein robusten Rahmen um Treibhausgase auf Stadtgebieten zu bilanzieren und dokumentieren.|https://ghgprotocol.org/|https://ghgprotocol.org/greenhouse-gas-protocol-accounting-reporting-standard-cities|
DIN 1988|Technische Regeln für die Trinkwasserinstallation (TRWI)||Leitfaden Trinkwassererwärmung - Bundesverband Wärmepumpe||
DIN 2000|Zentrale Trinkwasserversorgung - Leitsätze für Anforderungen an Trinkwasser, Planung, Bau, Betrieb und Instandhlautng der Versorgungsanlagen - Technische Regeln des DVGW||Leitfaden Trinkwassererwärmung - Bundesverband Wärmepumpe||
DIN 4708|Zentrale Wassererwärmungsanlagen für Wohnhäsuer||Leitfaden Trinkwassererwärmung - Bundesverband Wärmepumpe||
DIN 4753 |Wassererwärmer und Wassererwärmungsanlagen für Trink- und Betriebswasser; Zwischenmedium-Wärmetauscher||Leitfaden Trinkwassererwärmung - Bundesverband Wärmepumpe||
DIN EN 12502 1-5|Korrosionsschutz metallischer Werkstoffe||Leitfaden Trinkwassererwärmung - Bundesverband Wärmepumpe||
DIN EN 15450|Heizungsanlagen in Gebäuden - Planung von Heizungsanlagen mit Wärmepumpen||Leitfaden Trinkwassererwärmung - Bundesverband Wärmepumpe||
DIN EN 1717|Schutz des Trinkwassers vor Verunreinigungen in der Trinkwasserinstallation und allgemeiner Anforderungen an Sicherheitseinrichtungen zur Verhügung von Trinkwasserverunreinigungen durch Rückfließen||Leitfaden Trinkwassererwärmung - Bundesverband Wärmepumpe||
DVGW W 291|Reinigung und Desinfektion von Wasserverteilungsanlagen||Leitfaden Trinkwassererwärmung - Bundesverband Wärmepumpe||
DVGW W 293|UV-Anlagen zur Desinfektion von Trinkwasser||Leitfaden Trinkwassererwärmung - Bundesverband Wärmepumpe||
DVGW W 294 |UV Desinfektionsanlage für Trinkwasserversorgung||Leitfaden Trinkwassererwärmung - Bundesverband Wärmepumpe||
DVGW-VP 670|Anforderunge und Prüfung von Trinkwassererwärmern||Leitfaden Trinkwassererwärmung - Bundesverband Wärmepumpe||
EN 806 Teil 1 und 2|Technische Regeln für die Trinkwasserinstallation innerhalb von Gebäuden||Leitfaden Trinkwassererwärmung - Bundesverband Wärmepumpe||
TrinkwV|Verordnung über die Qualität von Wasser für den menschlichen Gebrauch||Leitfaden Trinkwassererwärmung - Bundesverband Wärmepumpe||
VDI 6023|Hygiene bei Planung, Ausführung und Betrieb von Hausinstallationen||Leitfaden Trinkwassererwärmung - Bundesverband Wärmepumpe||